{"loss":{"0":0.9456095695,"1":0.6716293097,"2":0.624029398,"3":0.6010892391,"4":0.5056163669,"5":0.4484097958,"6":0.3836407363,"7":0.3265882134,"8":0.2495181262,"9":0.2129278034},"tp":{"0":253.0,"1":283.0,"2":316.0,"3":340.0,"4":375.0,"5":387.0,"6":411.0,"7":424.0,"8":447.0,"9":462.0},"fp":{"0":260.0,"1":202.0,"2":178.0,"3":178.0,"4":118.0,"5":93.0,"6":81.0,"7":64.0,"8":40.0,"9":33.0},"tn":{"0":240.0,"1":298.0,"2":322.0,"3":322.0,"4":382.0,"5":407.0,"6":419.0,"7":436.0,"8":460.0,"9":467.0},"fn":{"0":247.0,"1":217.0,"2":184.0,"3":160.0,"4":125.0,"5":113.0,"6":89.0,"7":76.0,"8":53.0,"9":38.0},"accuracy":{"0":0.4930000007,"1":0.5809999704,"2":0.6380000114,"3":0.6620000005,"4":0.7570000291,"5":0.7940000296,"6":0.8299999833,"7":0.8600000143,"8":0.9070000052,"9":0.92900002},"precision":{"0":0.4931773841,"1":0.5835051537,"2":0.6396760941,"3":0.6563706398,"4":0.760649085,"5":0.8062499762,"6":0.8353658319,"7":0.8688524365,"8":0.9178645015,"9":0.9333333373},"recall":{"0":0.5059999824,"1":0.5659999847,"2":0.6320000291,"3":0.6800000072,"4":0.75,"5":0.773999989,"6":0.8220000267,"7":0.84799999,"8":0.8939999938,"9":0.9240000248},"auc":{"0":0.4805360138,"1":0.6222600341,"2":0.7042579651,"3":0.73416394,"4":0.8372920156,"5":0.8790319562,"6":0.9160619974,"7":0.9424959421,"8":0.9731119871,"9":0.9796980023},"prc":{"0":0.4862131774,"1":0.60359478,"2":0.7068983316,"3":0.74476403,"4":0.8383175731,"5":0.8826801777,"6":0.9195715785,"7":0.9428439736,"8":0.9757615328,"9":0.9819484949},"val_loss":{"0":0.7012926936,"1":0.693541944,"2":0.7243564129,"3":0.699244678,"4":0.7273629308,"5":0.8020797968,"6":0.801443398,"7":0.9053334594,"8":0.9196240306,"9":1.0590882301},"val_tp":{"0":114.0,"1":187.0,"2":48.0,"3":186.0,"4":130.0,"5":85.0,"6":205.0,"7":127.0,"8":180.0,"9":228.0},"val_fp":{"0":111.0,"1":178.0,"2":35.0,"3":165.0,"4":81.0,"5":67.0,"6":189.0,"7":102.0,"8":158.0,"9":211.0},"val_tn":{"0":189.0,"1":122.0,"2":265.0,"3":135.0,"4":219.0,"5":233.0,"6":111.0,"7":198.0,"8":142.0,"9":89.0},"val_fn":{"0":186.0,"1":113.0,"2":252.0,"3":114.0,"4":170.0,"5":215.0,"6":95.0,"7":173.0,"8":120.0,"9":72.0},"val_accuracy":{"0":0.5049999952,"1":0.5149999857,"2":0.521666646,"3":0.5350000262,"4":0.5816666484,"5":0.5299999714,"6":0.5266666412,"7":0.5416666865,"8":0.5366666913,"9":0.5283333063},"val_precision":{"0":0.5066666603,"1":0.5123287439,"2":0.5783132315,"3":0.5299145579,"4":0.6161137223,"5":0.5592105389,"6":0.5203045607,"7":0.5545851588,"8":0.5325443745,"9":0.5193622112},"val_recall":{"0":0.3799999952,"1":0.6233333349,"2":0.1599999964,"3":0.6200000048,"4":0.4333333373,"5":0.2833333313,"6":0.6833333373,"7":0.4233333468,"8":0.6000000238,"9":0.7599999905},"val_auc":{"0":0.5110999942,"1":0.5401388407,"2":0.5586500168,"3":0.5650056005,"4":0.574111104,"5":0.5398111343,"6":0.5622277856,"7":0.5541166067,"8":0.5643889308,"9":0.5641111732},"val_prc":{"0":0.5131809711,"1":0.5589214563,"2":0.5453061461,"3":0.5533172488,"4":0.5754513741,"5":0.5399913788,"6":0.556019485,"7":0.5535088181,"8":0.5635162592,"9":0.5498107076}}